paymentId,orderId,status,t
P1,O2,PAID,54
P2,O3,PAID,86
P3,O4,PAID,42
P4,O5,PAID,42
P5,O6,PAID,98
P6,O6,PAID,40
P7,O7,PAID,66
P8,O7,PAID,145
P9,O8,PAID,152
P10,O9,PAID,127
P11,O10,PAID,101
P12,O12,PAID,171
P13,O12,PAID,99
P14,O13,PAID,127
P15,O14,PAID,146
P16,O14,PAID,119
P17,O15,PAID,146
P18,O16,PAID,277
P19,O17,PAID,296
P20,O17,PAID,338
P21,O18,PAID,221
P22,O19,PAID,228
P23,O19,PAID,163
P24,O20,PAID,261
P25,O21,PAID,253
P26,O22,PAID,275
P27,O23,PAID,316
P28,O24,PAID,268
P29,O24,PAID,283
P30,O25,PAID,243
P31,O25,PAID,301
P32,O26,PAID,289
P33,O26,PAID,356
P34,O27,PAID,399
P35,O27,PAID,245
P36,O28,PAID,270
P37,O29,PAID,408
P38,O30,PAID,296
P39,O30,PAID,285
P40,O31,PAID,351
P41,O31,PAID,423
P42,O32,PAID,444
P43,O33,PAID,384
P44,O34,PAID,343
P45,O35,PAID,368
P46,O36,PAID,387
P47,O37,PAID,426
P48,O38,PAID,466
P49,O38,PAID,509
P50,O39,PAID,419
P51,O40,PAID,430
P52,O41,PAID,427
P53,O42,PAID,470
P54,O43,PAID,497
P55,O44,FAILED,507
P56,O44,FAILED,523
P57,O45,PAID,506
P58,O46,FAILED,510
P59,O47,FAILED,487
P60,O48,PAID,520
P61,O49,PAID,544
P62,O50,PAID,555
P63,O50,PAID,590
